{"cameraMode":{"drawMode":0,"name":"Shaded","section":"Shading Mode"},"sceneLighting":true,"audioPlay":false,"sceneViewState":{"showFog":true,"showMaterialUpdate":false,"showSkybox":true,"showFlares":true,"showImageEffects":true,"showParticleSystems":true},"in2DMode":false,"pivot":{"x":0.0,"y":0.27127742767333987,"z":-0.05776047706604004},"rotation":{"x":-0.11501951515674591,"y":-0.8699848055839539,"z":0.24161626398563386,"w":-0.4141479730606079},"size":10.819863319396973,"orthographic":true}